{
	"PageInfo": {
		"PageSize": 3,
		"PageNumber": 1,
		"TotalRecords": 221
	},
	"SalesDocuments": [{
			"BillingBlock": "",
			"BillingBlockDescription": "",
			"CreateDate": "2017-11-21",
			"CreditBlock": "",
			"CreditBlockDescription": "Credit check was not executed/Status not set",
			"Custom01": "8148 ",
			"Custom02": "",
			"Custom03": "9058 ",
			"Custom04": "",
			"Custom05": "1270 ",
			"Custom06": "",
			"Custom07": "9134 ",
			"Custom08": "",
			"Custom09": "6324 ",
			"Custom10": "",
			"CustomerPONumber": "",
			"DeliveryBlock": "",
			"DeliveryBlockDescription": "",
			"DeliveryStatus": "00",
			"DeliveryStatusDescription": "",
			"EndDate": "0001-01-01",
			"EnosixObjKey": "14425",
			"EnosixObjType": "SFCISalesDocument",
			"GoodsIssuedQuantity": "0.000",
			"LastChangedDate": "0001-01-01",
			"NetValueInDocumentCurrency": "",
			"OrderStatus": "Open",
			"SalesDocument": "14425",
			"SalesDocumentType": "",
			"SalesDocumentVersionNumber": "",
			"SDDocumentCurrency": "USD",
			"SalesDocumentTypeDescription": "Standard Order",
			"ShipToCity": "",
			"ShipToCountry": "US",
			"ShipToCountryDescription": "",
			"ShipToName": "REI-Atlanta",
			"ShipToParty": "500070",
			"ShipToPurchaseOrderNumber": "",
			"ShipToRegion": "",
			"ShipToRegionDescription": "Georgia",
			"SoldToCity": "Atlanta",
			"SoldToCountry": "",
			"SoldToCountryDescription": "United States",
			"SoldToName": "",
			"SoldToParty": "",
			"SoldToRegion": "GA",
			"SoldToRegionDescription": "",
			"StartDate": "0001-01-01",
			"TaxAmountInDocumentCurrency": "0.00",
			"TotalQuantity": "0.000",
			"TransactionGroup": "",
			"YourReference": ""			
		},
		{
			"BillingBlock": "",
			"BillingBlockDescription": "",
			"CreateDate": "2017-11-21",
			"CreditBlock": "",
			"CreditBlockDescription": "Credit check was not executed/Status not set",
			"Custom01": "976 ",
			"Custom02": "",
			"Custom03": "2785 ",
			"Custom04": "",
			"Custom05": "5469 ",
			"Custom06": "",
			"Custom07": "9576 ",
			"Custom08": "",
			"Custom09": "9649 ",
			"Custom10": "",
			"CustomerPONumber": "",
			"DeliveryBlock": "",
			"DeliveryBlockDescription": "",
			"DeliveryStatus": "00",
			"DeliveryStatusDescription": "",
			"EndDate": "0001-01-01",
			"EnosixObjKey": "14426",
			"EnosixObjType": "SFCISalesDocument",
			"GoodsIssuedQuantity": "0.000",
			"LastChangedDate": "0001-01-01",
			"NetValueInDocumentCurrency": "",
			"OrderStatus": "Open",
			"SalesDocument": "14426",
			"SalesDocumentType": "",
			"SalesDocumentVersionNumber": "",
			"SDDocumentCurrency": "USD",
			"SalesDocumentTypeDescription": "Standard Order",
			"ShipToCity": "",
			"ShipToCountry": "US",
			"ShipToCountryDescription": "",
			"ShipToName": "REI-Atlanta",
			"ShipToParty": "500070",
			"ShipToPurchaseOrderNumber": "",
			"ShipToRegion": "",
			"ShipToRegionDescription": "Georgia",
			"SoldToCity": "Atlanta",
			"SoldToCountry": "",
			"SoldToCountryDescription": "United States",
			"SoldToName": "",
			"SoldToParty": "",
			"SoldToRegion": "GA",
			"SoldToRegionDescription": "",
			"StartDate": "0001-01-01",
			"TaxAmountInDocumentCurrency": "2263345.00",
			"TotalQuantity": "0.000",
			"TransactionGroup": "",
			"YourReference": ""			
		},
		{
			"BillingBlock": "",
			"BillingBlockDescription": "",
			"CreateDate": "2018-01-03",
			"CreditBlock": "",
			"CreditBlockDescription": "Credit check was not executed/Status not set",
			"Custom01": "1577 ",
			"Custom02": "",
			"Custom03": "9706 ",
			"Custom04": "",
			"Custom05": "9572 ",
			"Custom06": "",
			"Custom07": "4854 ",
			"Custom08": "",
			"Custom09": "8003 ",
			"Custom10": "",
			"CustomerPONumber": "",
			"DeliveryBlock": "",
			"DeliveryBlockDescription": "",
			"DeliveryStatus": "00",
			"DeliveryStatusDescription": "",
			"EndDate": "0001-01-01",
			"EnosixObjKey": "14437",
			"EnosixObjType": "SFCISalesDocument",
			"GoodsIssuedQuantity": "0.000",
			"LastChangedDate": "0001-01-01",
			"NetValueInDocumentCurrency": "",
			"OrderStatus": "Completed",
			"SalesDocument": "14437",
			"SalesDocumentType": "",
			"SalesDocumentVersionNumber": "",
			"SDDocumentCurrency": "USD",
			"SalesDocumentTypeDescription": "Standard Order",
			"ShipToCity": "",
			"ShipToCountry": "US",
			"ShipToCountryDescription": "",
			"ShipToName": "REI-Atlanta",
			"ShipToParty": "500070",
			"ShipToPurchaseOrderNumber": "",
			"ShipToRegion": "",
			"ShipToRegionDescription": "Georgia",
			"SoldToCity": "Atlanta",
			"SoldToCountry": "",
			"SoldToCountryDescription": "United States",
			"SoldToName": "",
			"SoldToParty": "",
			"SoldToRegion": "GA",
			"SoldToRegionDescription": "",
			"StartDate": "0001-01-01",
			"TaxAmountInDocumentCurrency": "810.94",
			"TotalQuantity": "0.000",
			"TransactionGroup": "",
			"YourReference": ""	
		}
	]
}